title,size_bytes,sha256
AS4457-Earthmoving-Tyre-Standard-Summary.pdf,2850971,8aabc006033f6565c620262b9afa6fd7cfe016761eb1e509a19886f310f672a5
Alliance-Product-Catalog-2021.pdf,4651937,3fafb8ddc93abbb8fd8d275a40a45592301fec4b6ecf8cdfe2948063bfff95d8
Alliance-Tire-Range-Ag-Forestry-Industrial-OTR.pdf,6528598,260f3368d456d4bebf33e4caa44eeb39842d6d765820b0ef88a3a5b31ef553c8
BKT-Industrial-OTR-Catalogue.pdf,5846878,683d4cb5e38fcc44c6bc47f540d93c7dec97171e01f82cb65aa5ad99555c1dd0
BKT-Tires-Update-2024.pdf,1551596,caff19770a027b225a60f8b71e9df9031b7eaab5053f43b41a10ff752153d4c2
Bridgestone-OTR-DataBook-2018.pdf,5183627,0a415757f5f07bfcbb751ae5588f9be58f5c737126bbcdbf816758d60f4d458e
Bridgestone-OTR-DataBook-2024.pdf,10147710,aa5aeac6d2907edb21f6d1ba49274361354feb4cd73d03cd4413d6f6cc12799d
CEAT-Specialty-OTR-Agricultural-Brochure.pdf,16406928,0beefc1ffb0a482257bff622d22f71c1634235e14fbffd6c58af54ca800ab75f
Carlisle-Specialty-Tire-Wheel-Catalog-2019.pdf,5959208,70baaf40d665c7848120f9f22b9af5ac2a9b1113404aa820101be7571eb271ef
Continental-Agricultural-DataBook.pdf,11563966,5021ad92ebfbf12bb607a6228328b3ff72b8f951505538e58fa1b68971008f13
Double-Coin-OTR-Data-Book.pdf,3959628,570f72f8de558cfbe2d6f194baa0a7efb98fbf853dba260c552e82b1bc22f820
Galaxy-Primex-OTR-Catalogue.pdf,1469380,fbe083c4659c7b827febad8a0b24fce9bf365f3b4e6fa0ee7ea4dc82d066a434
Goodyear-OTR-Specialty-Catalogue.pdf,8327503,f79464cf7545350e9bb1a30c876984504280a47275110f9f2fe137ab8d74428a
Linglong-Tyre-Catalogue-Specialty.pdf,11152399,149e547be96a93ab604b1dc725f2aea2f469184ca8c1558447a4cfcdbd49f1ab
MRF-Full-Tyre-Catalogue.pdf,6215038,32a231f796ea52dbfc6d12dde4fb41580d247cb7ec1ac06d6dbd4a0a8639b5a2
MRF-OTR-Catalogue-2023.pdf,49839083,52edbc9e962980310b1ae0282c429afdc826ca660e4daa188bbc0600a5109490
Michelin-Ag-Technical-DataBook-2020.pdf,13946458,b362de9650874870b03003d5bd208a5346aad6fa3c39fe73e72dbac86e308000
Michelin-Caterpillar-OEM-DataBook.pdf,8972486,f76d8aecf8b24360ebe647c38b8b54190bb9d563764867c9f3f4c45c634e3696
Michelin-Earthmover-Product-Catalogue-Construction-Mining-Quarry.pdf,6350001,d5ba67cb08e613a77570bda74a79915e23ced523e5f840dd9e10191023f2e184
Michelin-Earthmover-Technical-DataBook-2019.pdf,17306451,17f4285117c0b12c0032e0169304d847bb39c7efee7113a0b88f481d90a9d372
Mitas-Agricultural-Catalogue-2019-2020.pdf,9949019,d0743db04a171d2b79e0866889a027e380e54cb9d195496d39b76694bab5e84f
OTR-Agricultural-Products-Catalogue-2024.pdf,14973276,7e7ddd3a2742401c0211b3a798eec4932d7fe1b81fa3b5af20bb7682880e6617
OTR-Mining-Products-Catalogue-2024.pdf,16963794,ffa1808a5d5be10b88a7d68c833ad6384f7f734bbe55e8afe0a8f30344039d88
Pirelli-Agricultural-Technical-Manual-2022.pdf,1926521,0c15cc3b7b4f388467043ec8285a8fb0d02cbcc9a9e5eab6c9acb3b44fb5f634
Prometeon-OTR-Catalogue.pdf,1668660,aebf0467c47dde96c137b6e5f8530bce6e1ad65eefc87979f496985b06d336be
Techking-OTR-Radial-Databook-V17.pdf,7532043,055b7921d2fc389d0ef9c1c1b8a2e475284cb43ee751c9fb1fa4dab35995bceb
Titan-OTR-Databook-2024.pdf,49810612,baa581ee39f04c0b85cc0a1f53ada64e9f36d601944d60a83204b50d19d6b2a8
Triangle-OTR-Catalogue-2020.pdf,28158511,c10b4d1d4e903bf04ae483066a43d8d77a9cc56a420767e9cb8b5c6ed95c4261
Westlake-OTR-Catalogue-2022.pdf,16740439,cfd3d0f6e47646d92f250a29c5ee20b0ab90001afe3834aa915e7efb366f673c
WorkSafe-WA-Earthmover-Tyre-Safety-Guideline.pdf,1522600,7324a8277ed73ebe826dae2ff9bb189fdcd3c5126c9cbbdcb264a906ec19a177
Yokohama-ATG-Full-Catalogue-2025.pdf,55025531,61daf42660fee1d9585ced02214be3718024bcc381de2e4f1158b2b1721aca3f
Yokohama-Construction-Mining-Radial-2021.pdf,1120499,be2370677a93da02403a1b703d8bd84b0c5b44d10f56bffd71b157f364a95f83
Yokohama-OTR-DataBook.pdf,3697376,6622b6dadd1ee297deae2d4da66477a305bcc9c8987ec8a3bd7a8c796f845cac
